image,count
seq_000969.jpg,32
seq_000241.jpg,26
seq_000820.jpg,33
seq_000693.jpg,35
seq_000421.jpg,41
seq_001086.jpg,32
seq_001999.jpg,26
seq_000366.jpg,40
seq_001023.jpg,32
seq_001241.jpg,30
seq_000589.jpg,25
seq_000737.jpg,34
seq_001762.jpg,25
seq_000942.jpg,25
seq_000072.jpg,34
seq_001408.jpg,27
seq_000260.jpg,22
seq_000052.jpg,15
seq_000199.jpg,27
seq_001789.jpg,27
seq_000651.jpg,24
seq_000333.jpg,32
seq_001360.jpg,27
seq_000594.jpg,23
seq_001392.jpg,33
seq_001801.jpg,31
seq_001315.jpg,23
seq_001112.jpg,35
seq_001007.jpg,35
seq_001327.jpg,37
seq_000427.jpg,35
seq_001559.jpg,34
seq_001294.jpg,29
seq_000591.jpg,26
seq_001958.jpg,32
seq_001977.jpg,27
seq_001133.jpg,38
seq_000986.jpg,40
seq_000399.jpg,28
seq_001512.jpg,22
seq_000437.jpg,17
seq_000193.jpg,31
seq_001436.jpg,29
seq_000615.jpg,30
seq_001494.jpg,26
seq_000577.jpg,22
seq_000987.jpg,45
seq_001433.jpg,35
seq_000707.jpg,36
seq_001259.jpg,26
seq_000142.jpg,33
seq_001358.jpg,27
seq_000003.jpg,41
seq_001222.jpg,28
seq_001870.jpg,35
seq_001623.jpg,37
seq_000340.jpg,27
seq_001770.jpg,20
seq_001537.jpg,33
seq_000484.jpg,30
seq_000266.jpg,31
seq_000377.jpg,29
seq_000742.jpg,35
seq_001014.jpg,43
seq_000440.jpg,17
seq_000272.jpg,37
seq_000185.jpg,39
seq_000940.jpg,28
seq_000245.jpg,35
seq_000932.jpg,33
seq_000446.jpg,22
seq_000597.jpg,18
seq_000818.jpg,26
seq_001273.jpg,37
seq_001677.jpg,29
seq_000487.jpg,33
seq_000681.jpg,24
seq_000416.jpg,37
seq_000274.jpg,33
seq_001472.jpg,24
seq_001830.jpg,35
seq_001455.jpg,35
seq_000251.jpg,36
seq_000414.jpg,42
seq_001386.jpg,23
seq_001308.jpg,25
seq_000716.jpg,42
seq_000311.jpg,33
seq_000927.jpg,43
seq_000382.jpg,31
seq_001566.jpg,30
seq_000426.jpg,36
seq_001875.jpg,36
seq_000533.jpg,20
seq_000753.jpg,43
seq_000766.jpg,46
seq_001357.jpg,23
seq_000409.jpg,31
seq_001615.jpg,44
seq_000695.jpg,28
seq_001739.jpg,37
seq_000549.jpg,23
seq_000937.jpg,29
seq_001390.jpg,34
seq_001608.jpg,39
seq_001940.jpg,30
seq_001482.jpg,23
seq_000183.jpg,36
seq_001941.jpg,30
seq_001161.jpg,30
seq_000171.jpg,31
seq_000293.jpg,39
seq_000562.jpg,27
seq_001457.jpg,35
seq_001877.jpg,35
seq_001652.jpg,43
seq_000850.jpg,25
seq_000273.jpg,37
seq_001550.jpg,41
seq_001035.jpg,33
seq_001744.jpg,27
seq_000372.jpg,36
seq_001670.jpg,23
seq_000722.jpg,47
seq_000734.jpg,33
seq_000778.jpg,31
seq_000519.jpg,22
seq_000335.jpg,33
seq_000846.jpg,23
seq_001252.jpg,28
seq_001053.jpg,29
seq_001924.jpg,30
seq_000016.jpg,16
seq_000708.jpg,42
seq_000901.jpg,45
seq_001980.jpg,30
seq_001573.jpg,40
seq_000904.jpg,45
seq_000466.jpg,17
seq_001978.jpg,30
seq_000200.jpg,31
seq_001207.jpg,35
seq_001056.jpg,36
seq_001132.jpg,33
seq_001380.jpg,27
seq_000999.jpg,42
seq_000728.jpg,46
seq_001772.jpg,21
seq_001910.jpg,28
seq_001822.jpg,35
seq_000568.jpg,26
seq_000044.jpg,20
seq_000275.jpg,35
seq_001097.jpg,32
seq_000102.jpg,26
seq_001232.jpg,33
seq_001722.jpg,40
seq_001833.jpg,31
seq_000108.jpg,32
seq_001618.jpg,43
seq_000498.jpg,26
seq_001981.jpg,30
seq_000882.jpg,28
seq_000757.jpg,46
seq_000620.jpg,25
seq_001107.jpg,33
seq_001936.jpg,31
seq_000810.jpg,26
seq_001038.jpg,33
seq_000073.jpg,46
seq_001284.jpg,24
seq_001272.jpg,34
seq_001335.jpg,39
seq_001459.jpg,32
seq_000482.jpg,31
seq_001069.jpg,31
seq_000507.jpg,28
seq_001238.jpg,37
seq_001862.jpg,34
seq_001990.jpg,26
seq_001477.jpg,18
seq_001867.jpg,27
seq_001456.jpg,34
seq_000312.jpg,34
seq_000963.jpg,31
seq_000406.jpg,28
seq_001331.jpg,41
seq_001650.jpg,41
seq_000310.jpg,32
seq_000227.jpg,24
seq_001858.jpg,32
seq_000711.jpg,41
seq_001944.jpg,26
seq_001384.jpg,28
seq_001786.jpg,38
seq_000149.jpg,37
seq_001555.jpg,36
seq_001957.jpg,33
seq_000926.jpg,40
seq_000943.jpg,25
seq_000837.jpg,26
seq_000576.jpg,24
seq_000558.jpg,21
seq_001236.jpg,34
seq_001361.jpg,26
seq_001348.jpg,41
seq_001162.jpg,33
seq_001443.jpg,31
seq_000287.jpg,27
seq_001605.jpg,32
seq_001058.jpg,38
seq_000599.jpg,15
seq_000933.jpg,32
seq_001462.jpg,32
seq_001638.jpg,34
seq_001588.jpg,29
seq_001041.jpg,27
seq_001231.jpg,31
seq_000807.jpg,27
seq_000905.jpg,43
seq_001680.jpg,32
seq_001205.jpg,34
seq_000768.jpg,49
seq_000610.jpg,25
seq_001993.jpg,28
seq_001565.jpg,30
seq_001423.jpg,29
seq_001011.jpg,40
seq_000494.jpg,22
seq_001321.jpg,29
seq_000278.jpg,34
seq_001847.jpg,36
seq_000359.jpg,37
seq_001111.jpg,37
seq_000237.jpg,36
seq_000552.jpg,29
seq_001868.jpg,29
seq_001813.jpg,37
seq_000209.jpg,27
seq_001387.jpg,23
seq_001561.jpg,35
seq_000059.jpg,27
seq_000632.jpg,22
seq_001962.jpg,28
seq_001860.jpg,31
seq_001817.jpg,32
seq_000364.jpg,37
seq_000506.jpg,32
seq_001166.jpg,32
seq_001122.jpg,31
seq_001630.jpg,33
seq_001217.jpg,34
seq_001152.jpg,33
seq_001125.jpg,31
seq_001595.jpg,28
seq_000119.jpg,40
seq_001250.jpg,30
seq_001994.jpg,28
seq_000523.jpg,22
seq_000514.jpg,28
seq_000082.jpg,35
seq_000916.jpg,32
seq_001019.jpg,38
seq_000381.jpg,34
seq_001030.jpg,34
seq_001689.jpg,35
seq_000085.jpg,31
seq_001678.jpg,31
seq_000330.jpg,21
seq_000007.jpg,35
seq_000746.jpg,33
seq_001554.jpg,38
seq_000915.jpg,36
seq_000874.jpg,27
seq_000452.jpg,22
seq_000491.jpg,20
seq_001481.jpg,22
seq_000288.jpg,30
seq_000949.jpg,32
seq_001986.jpg,36
seq_001369.jpg,28
seq_001147.jpg,40
seq_000706.jpg,32
seq_001727.jpg,44
seq_001702.jpg,29
seq_001629.jpg,31
seq_001600.jpg,35
seq_001539.jpg,31
seq_001406.jpg,28
seq_001651.jpg,40
seq_000328.jpg,31
seq_000443.jpg,17
seq_000775.jpg,34
seq_001088.jpg,30
seq_001221.jpg,26
seq_001636.jpg,34
seq_000178.jpg,42
seq_001323.jpg,33
seq_000705.jpg,33
seq_000087.jpg,31
seq_001884.jpg,33
seq_001948.jpg,24
seq_000458.jpg,26
seq_001829.jpg,35
seq_000055.jpg,24
seq_001502.jpg,23
seq_000644.jpg,24
seq_000678.jpg,24
seq_000222.jpg,40
seq_000114.jpg,46
seq_000983.jpg,39
seq_001229.jpg,30
seq_001000.jpg,41
seq_000175.jpg,36
seq_000782.jpg,27
seq_000590.jpg,26
seq_001560.jpg,32
seq_000019.jpg,31
seq_000424.jpg,33
seq_001344.jpg,36
seq_000286.jpg,29
seq_001584.jpg,33
seq_000429.jpg,33
seq_001510.jpg,19
seq_001319.jpg,29
seq_000670.jpg,19
seq_000032.jpg,22
seq_000941.jpg,26
seq_000723.jpg,50
seq_000995.jpg,44
seq_000215.jpg,26
seq_000814.jpg,30
seq_000327.jpg,29
seq_000561.jpg,24
seq_001113.jpg,36
seq_000701.jpg,33
seq_001579.jpg,39
seq_001190.jpg,44
seq_000342.jpg,30
seq_000630.jpg,23
seq_000148.jpg,33
seq_001310.jpg,27
seq_000361.jpg,31
seq_000084.jpg,44
seq_000049.jpg,28
seq_000469.jpg,17
seq_000156.jpg,29
seq_000773.jpg,31
seq_001240.jpg,35
seq_001201.jpg,28
seq_001403.jpg,29
seq_001203.jpg,29
seq_001631.jpg,29
seq_000501.jpg,26
seq_001765.jpg,25
seq_000180.jpg,44
seq_001048.jpg,24
seq_001756.jpg,32
seq_000951.jpg,32
seq_001317.jpg,26
seq_001620.jpg,42
seq_000529.jpg,24
seq_000347.jpg,33
seq_001388.jpg,22
seq_001961.jpg,26
seq_001051.jpg,26
seq_001973.jpg,29
seq_001442.jpg,30
seq_000602.jpg,19
seq_001282.jpg,24
seq_000244.jpg,34
seq_001337.jpg,40
seq_001068.jpg,33
seq_001476.jpg,19
seq_000313.jpg,30
seq_000436.jpg,19
seq_001899.jpg,27
seq_001329.jpg,44
seq_000309.jpg,32
seq_000431.jpg,30
seq_000661.jpg,17
seq_000371.jpg,33
seq_000567.jpg,26
seq_000980.jpg,41
seq_000182.jpg,47
seq_001363.jpg,28
seq_000622.jpg,28
seq_000819.jpg,27
seq_001193.jpg,37
seq_000953.jpg,37
seq_001422.jpg,33
seq_001841.jpg,40
seq_000923.jpg,38
seq_001074.jpg,31
seq_000297.jpg,31
seq_000967.jpg,32
seq_000462.jpg,20
seq_001303.jpg,29
seq_001177.jpg,48
seq_000378.jpg,27
seq_000799.jpg,28
seq_001103.jpg,34
seq_000106.jpg,21
seq_000127.jpg,29
seq_001996.jpg,27
seq_000839.jpg,32
seq_000356.jpg,38
seq_001617.jpg,38
seq_000683.jpg,27
seq_000813.jpg,28
seq_001681.jpg,34
seq_000210.jpg,26
seq_001493.jpg,29
seq_000141.jpg,39
seq_001975.jpg,28
seq_001340.jpg,38
seq_001798.jpg,28
seq_001575.jpg,45
seq_001182.jpg,45
seq_001394.jpg,39
seq_001816.jpg,33
seq_000712.jpg,40
seq_001794.jpg,31
seq_000893.jpg,30
seq_000860.jpg,23
seq_000011.jpg,16
seq_001695.jpg,34
seq_001428.jpg,35
seq_000283.jpg,43
seq_000811.jpg,26
seq_001342.jpg,35
seq_000292.jpg,41
seq_000755.jpg,43
seq_000627.jpg,22
seq_000944.jpg,26
seq_000862.jpg,25
seq_000130.jpg,38
seq_001176.jpg,47
seq_000324.jpg,34
seq_001091.jpg,31
seq_000844.jpg,27
seq_000964.jpg,30
seq_001865.jpg,32
seq_000866.jpg,21
seq_000922.jpg,34
seq_000696.jpg,29
seq_000216.jpg,27
seq_001781.jpg,31
seq_001262.jpg,24
seq_000159.jpg,28
seq_001059.jpg,38
seq_000989.jpg,48
seq_000842.jpg,32
seq_000635.jpg,27
seq_000517.jpg,27
seq_001429.jpg,34
seq_001748.jpg,28
seq_000598.jpg,14
seq_000196.jpg,37
seq_001784.jpg,36
seq_000870.jpg,23
seq_000411.jpg,37
seq_000097.jpg,28
seq_001001.jpg,39
seq_001506.jpg,18
seq_000157.jpg,29
seq_000420.jpg,37
seq_001803.jpg,29
seq_000478.jpg,20
seq_001856.jpg,37
seq_000669.jpg,19
seq_001418.jpg,28
seq_001872.jpg,41
seq_001300.jpg,29
seq_000448.jpg,21
seq_000554.jpg,29
seq_000179.jpg,45
seq_000391.jpg,36
seq_000579.jpg,26
seq_001478.jpg,19
seq_001707.jpg,32
seq_001288.jpg,26
seq_001645.jpg,42
seq_001024.jpg,30
seq_000821.jpg,37
seq_001825.jpg,33
seq_000985.jpg,43
seq_001339.jpg,36
seq_000665.jpg,18
seq_000143.jpg,26
seq_001517.jpg,30
seq_001430.jpg,37
seq_000865.jpg,21
seq_000422.jpg,41
seq_000637.jpg,31
seq_001407.jpg,28
seq_000800.jpg,33
seq_001404.jpg,30
seq_000616.jpg,29
seq_000295.jpg,30
seq_000924.jpg,40
seq_001269.jpg,30
seq_001903.jpg,30
seq_000089.jpg,32
seq_000042.jpg,21
seq_001802.jpg,34
seq_001934.jpg,25
seq_000132.jpg,36
seq_001002.jpg,39
seq_001158.jpg,26
seq_001095.jpg,30
seq_001855.jpg,38
seq_001345.jpg,40
seq_001499.jpg,24
seq_000165.jpg,37
seq_000725.jpg,46
seq_000291.jpg,47
seq_001209.jpg,37
seq_001589.jpg,29
seq_001897.jpg,27
seq_001642.jpg,37
seq_001362.jpg,27
seq_000779.jpg,33
seq_000840.jpg,31
seq_000349.jpg,34
seq_001945.jpg,25
seq_000572.jpg,23
seq_000918.jpg,35
seq_000977.jpg,35
seq_001914.jpg,26
seq_001469.jpg,31
seq_001592.jpg,26
seq_001318.jpg,27
seq_001845.jpg,37
seq_000137.jpg,40
seq_000459.jpg,25
seq_000376.jpg,32
seq_001343.jpg,34
seq_000334.jpg,36
seq_001160.jpg,31
seq_001761.jpg,23
seq_001458.jpg,34
seq_000817.jpg,29
seq_001115.jpg,30
seq_001006.jpg,38
seq_001857.jpg,33
seq_001955.jpg,28
seq_001851.jpg,44
seq_000911.jpg,42
seq_001930.jpg,35
seq_001126.jpg,31
seq_000329.jpg,31
seq_001248.jpg,27
seq_000319.jpg,41
seq_001690.jpg,35
seq_001359.jpg,26
seq_001733.jpg,38
seq_000168.jpg,39
seq_000013.jpg,23
seq_001927.jpg,34
seq_000172.jpg,29
seq_000650.jpg,22
seq_001062.jpg,38
seq_000261.jpg,18
seq_001367.jpg,31
seq_001549.jpg,36
seq_000902.jpg,46
seq_000673.jpg,23
seq_000259.jpg,35
seq_000845.jpg,25
seq_000868.jpg,22
seq_001800.jpg,33
seq_000139.jpg,41
seq_000894.jpg,29
seq_001838.jpg,34
seq_000550.jpg,25
seq_000320.jpg,45
seq_001527.jpg,27
seq_001806.jpg,30
seq_001178.jpg,43
seq_000559.jpg,21
seq_000140.jpg,43
seq_001735.jpg,39
seq_000532.jpg,20
seq_000225.jpg,33
seq_000724.jpg,48
seq_000787.jpg,28
seq_001718.jpg,41
seq_001008.jpg,36
seq_000410.jpg,37
seq_000326.jpg,32
seq_001766.jpg,24
seq_000300.jpg,41
seq_001263.jpg,26
seq_001946.jpg,25
seq_000026.jpg,23
seq_001859.jpg,31
seq_000715.jpg,45
seq_001010.jpg,38
seq_000194.jpg,36
seq_000441.jpg,17
seq_000574.jpg,23
seq_000947.jpg,30
seq_000998.jpg,41
seq_000504.jpg,26
seq_000606.jpg,24
seq_001717.jpg,44
seq_001164.jpg,34
seq_001787.jpg,31
seq_000847.jpg,21
seq_000004.jpg,44
seq_001287.jpg,23
seq_001223.jpg,27
seq_000468.jpg,15
seq_000322.jpg,41
seq_000006.jpg,41
seq_000223.jpg,38
seq_001375.jpg,29
seq_000548.jpg,17
seq_000229.jpg,26
seq_000040.jpg,25
seq_000543.jpg,15
seq_000243.jpg,29
seq_000899.jpg,42
seq_001134.jpg,36
seq_001449.jpg,30
seq_001869.jpg,30
seq_000843.jpg,27
seq_001419.jpg,30
seq_001654.jpg,45
seq_001970.jpg,29
seq_000662.jpg,18
seq_001211.jpg,40
seq_000315.jpg,42
seq_000692.jpg,33
seq_001504.jpg,19
seq_000425.jpg,37
seq_000595.jpg,20
seq_001964.jpg,28
seq_000623.jpg,25
seq_001171.jpg,33
seq_001044.jpg,22
seq_000228.jpg,28
seq_001118.jpg,26
seq_001332.jpg,42
seq_001316.jpg,21
seq_000067.jpg,33
seq_000025.jpg,22
seq_000145.jpg,34
seq_000537.jpg,23
seq_000812.jpg,27
seq_001467.jpg,35
seq_000086.jpg,34
seq_001661.jpg,38
seq_001646.jpg,39
seq_001805.jpg,31
seq_001818.jpg,30
seq_001577.jpg,42
seq_001145.jpg,37
seq_000363.jpg,36
seq_001612.jpg,45
seq_001866.jpg,32
seq_001027.jpg,26
seq_001031.jpg,36
seq_001304.jpg,30
seq_001356.jpg,23
seq_001731.jpg,47
seq_000666.jpg,20
seq_000365.jpg,41
seq_000078.jpg,33
seq_000028.jpg,23
seq_001437.jpg,31
seq_000526.jpg,20
seq_001835.jpg,31
seq_000056.jpg,27
seq_000639.jpg,28
seq_000303.jpg,33
seq_000719.jpg,43
seq_000625.jpg,25
seq_000008.jpg,36
seq_000804.jpg,30
seq_001050.jpg,26
seq_000337.jpg,32
seq_000048.jpg,18
seq_001764.jpg,26
seq_000107.jpg,21
seq_000350.jpg,35
seq_001080.jpg,28
seq_000239.jpg,23
seq_000214.jpg,28
seq_001776.jpg,30
seq_001139.jpg,35
seq_000794.jpg,30
seq_001587.jpg,32
seq_001583.jpg,31
seq_001672.jpg,26
seq_000524.jpg,19
seq_000233.jpg,29
seq_000645.jpg,24
seq_001508.jpg,20
seq_000534.jpg,23
seq_001942.jpg,28
seq_000604.jpg,19
seq_001330.jpg,45
seq_001075.jpg,30
seq_001305.jpg,29
seq_000061.jpg,16
seq_001264.jpg,30
seq_000093.jpg,26
seq_000667.jpg,20
seq_000281.jpg,40
seq_001114.jpg,31
seq_000360.jpg,28
seq_001129.jpg,35
seq_001170.jpg,31
seq_000848.jpg,23
seq_001522.jpg,30
seq_000111.jpg,24
seq_000043.jpg,20
seq_000126.jpg,28
seq_000205.jpg,30
seq_000053.jpg,17
seq_000546.jpg,18
seq_000069.jpg,36
seq_001741.jpg,33
seq_001548.jpg,38
seq_000184.jpg,31
seq_000138.jpg,41
seq_000900.jpg,41
seq_000797.jpg,27
seq_000133.jpg,44
seq_000081.jpg,37
seq_001987.jpg,31
seq_001541.jpg,34
seq_000542.jpg,16
seq_001669.jpg,22
seq_000984.jpg,38
seq_000166.jpg,42
seq_000249.jpg,35
seq_000447.jpg,20
seq_001515.jpg,25
seq_000859.jpg,25
seq_001212.jpg,38
seq_000098.jpg,30
seq_001974.jpg,28
seq_000738.jpg,36
seq_001256.jpg,32
seq_000103.jpg,21
seq_000435.jpg,22
seq_000075.jpg,48
seq_001792.jpg,27
seq_001235.jpg,37
seq_000919.jpg,38
seq_001712.jpg,40
seq_001671.jpg,25
seq_001621.jpg,39
seq_000763.jpg,49
seq_000990.jpg,46
seq_000389.jpg,36
seq_000236.jpg,36
seq_001507.jpg,20
seq_000268.jpg,23
seq_001188.jpg,47
seq_000118.jpg,41
seq_001607.jpg,37
seq_000674.jpg,23
seq_000250.jpg,34
seq_001453.jpg,37
seq_001995.jpg,29
seq_000095.jpg,33
seq_000034.jpg,19
seq_001464.jpg,30
seq_001668.jpg,23
seq_000449.jpg,23
seq_000717.jpg,39
seq_001810.jpg,39
seq_001518.jpg,29
seq_000001.jpg,35
seq_001376.jpg,27
seq_001102.jpg,34
seq_001109.jpg,32
seq_001227.jpg,29
seq_000083.jpg,39
seq_001289.jpg,26
seq_000677.jpg,23
seq_001921.jpg,33
seq_001047.jpg,22
seq_000771.jpg,33
seq_001947.jpg,25
seq_001281.jpg,22
seq_001581.jpg,37
seq_001489.jpg,28
seq_000405.jpg,26
seq_001728.jpg,41
seq_001299.jpg,27
seq_001341.jpg,37
seq_000105.jpg,20
seq_000689.jpg,32
seq_001306.jpg,29
seq_000827.jpg,32
seq_000063.jpg,22
seq_000853.jpg,24
seq_001354.jpg,31
seq_000224.jpg,40
seq_000146.jpg,35
seq_001089.jpg,28
seq_000374.jpg,30
seq_001421.jpg,29
seq_001143.jpg,42
seq_001827.jpg,32
seq_001495.jpg,28
seq_001602.jpg,31
seq_001271.jpg,29
seq_000010.jpg,24
seq_000450.jpg,18
seq_000709.jpg,47
seq_000256.jpg,30
seq_000883.jpg,28
seq_000390.jpg,39
seq_000909.jpg,42
seq_000925.jpg,40
seq_001704.jpg,35
seq_001233.jpg,32
seq_000461.jpg,22
seq_001270.jpg,29
seq_001760.jpg,26
seq_001169.jpg,32
seq_000959.jpg,31
seq_000502.jpg,25
seq_000740.jpg,33
seq_001850.jpg,45
seq_000869.jpg,23
seq_000732.jpg,42
seq_000540.jpg,18
seq_001202.jpg,28
seq_000698.jpg,33
seq_001393.jpg,38
seq_001377.jpg,29
seq_001146.jpg,40
seq_001032.jpg,36
seq_000373.jpg,37
seq_000668.jpg,19
seq_001526.jpg,28
seq_000358.jpg,34
seq_000968.jpg,30
seq_000784.jpg,28
seq_000736.jpg,33
seq_001036.jpg,36
seq_000971.jpg,32
seq_001525.jpg,26
seq_001487.jpg,25
seq_001524.jpg,29
seq_001491.jpg,28
seq_001643.jpg,33
seq_001253.jpg,29
seq_001694.jpg,32
seq_001750.jpg,28
seq_001237.jpg,34
seq_000886.jpg,25
seq_000080.jpg,34
seq_001173.jpg,35
seq_000815.jpg,30
seq_001286.jpg,26
seq_000672.jpg,21
seq_001532.jpg,27
seq_000058.jpg,28
seq_000134.jpg,39
seq_001141.jpg,44
seq_000934.jpg,35
seq_001685.jpg,30
seq_000824.jpg,34
seq_001215.jpg,32
seq_000505.jpg,31
seq_001775.jpg,30
seq_000348.jpg,41
seq_000387.jpg,29
seq_001025.jpg,30
seq_000895.jpg,32
seq_000829.jpg,31
seq_001893.jpg,26
seq_000476.jpg,16
seq_001471.jpg,21
seq_001448.jpg,27
seq_001582.jpg,33
seq_000653.jpg,19
seq_000173.jpg,29
seq_001150.jpg,33
seq_000039.jpg,27
seq_000714.jpg,41
seq_000091.jpg,30
seq_001937.jpg,29
seq_001206.jpg,35
seq_000876.jpg,28
seq_001352.jpg,28
seq_001890.jpg,35
seq_001094.jpg,32
seq_001156.jpg,26
seq_001782.jpg,35
seq_001959.jpg,28
seq_000500.jpg,29
seq_000339.jpg,25
seq_001189.jpg,47
seq_000029.jpg,26
seq_001218.jpg,32
seq_001400.jpg,35
seq_001821.jpg,37
seq_000946.jpg,26
seq_000170.jpg,34
seq_001405.jpg,27
seq_001198.jpg,29
seq_001254.jpg,31
seq_001614.jpg,47
seq_000913.jpg,42
seq_000492.jpg,23
seq_000954.jpg,34
seq_001098.jpg,33
seq_001033.jpg,35
seq_000588.jpg,24
seq_000751.jpg,36
seq_000658.jpg,13
seq_000235.jpg,36
seq_000733.jpg,38
seq_001989.jpg,26
seq_001633.jpg,27
seq_001157.jpg,26
seq_001470.jpg,27
seq_001425.jpg,37
seq_001628.jpg,33
seq_000935.jpg,36
seq_001210.jpg,40
seq_001066.jpg,39
seq_000109.jpg,29
seq_001543.jpg,38
seq_000569.jpg,25
seq_001168.jpg,31
seq_001175.jpg,44
seq_000891.jpg,25
seq_000948.jpg,30
seq_001049.jpg,24
seq_001353.jpg,27
seq_001778.jpg,29
seq_001447.jpg,27
seq_000885.jpg,25
seq_001673.jpg,29
seq_000851.jpg,24
seq_000735.jpg,33
seq_000718.jpg,40
seq_000455.jpg,20
seq_000265.jpg,28
seq_000076.jpg,44
seq_001658.jpg,46
seq_000445.jpg,19
seq_000396.jpg,28
seq_000177.jpg,37
seq_001043.jpg,23
seq_001736.jpg,40
seq_001402.jpg,30
seq_001381.jpg,32
seq_000596.jpg,18
seq_000062.jpg,16
seq_001297.jpg,25
seq_000873.jpg,29
seq_001490.jpg,31
seq_001879.jpg,40
seq_000279.jpg,34
seq_000037.jpg,25
seq_001976.jpg,27
seq_000663.jpg,19
seq_001954.jpg,27
seq_001445.jpg,30
seq_000978.jpg,37
seq_001572.jpg,40
seq_000739.jpg,32
seq_000192.jpg,28
seq_000920.jpg,35
seq_000457.jpg,26
seq_000676.jpg,22
seq_000761.jpg,45
seq_001808.jpg,29
seq_001603.jpg,32
seq_000729.jpg,47
seq_000413.jpg,40
seq_001099.jpg,31
seq_000826.jpg,32
seq_001640.jpg,34
seq_000617.jpg,27
seq_000115.jpg,33
seq_000418.jpg,37
seq_001911.jpg,29
seq_000970.jpg,31
seq_000605.jpg,21
seq_001919.jpg,30
seq_000090.jpg,28
seq_000849.jpg,23
seq_001520.jpg,27
seq_001918.jpg,27
seq_000754.jpg,39
seq_000499.jpg,27
seq_001277.jpg,29
seq_001326.jpg,39
seq_000012.jpg,22
seq_000397.jpg,32
seq_000285.jpg,29
seq_001067.jpg,36
seq_001192.jpg,38
seq_001745.jpg,29
seq_000691.jpg,33
seq_001753.jpg,28
seq_001876.jpg,37
seq_000690.jpg,32
seq_000852.jpg,24
seq_000160.jpg,32
seq_000896.jpg,36
seq_001576.jpg,48
seq_000258.jpg,35
seq_000336.jpg,27
seq_001880.jpg,42
seq_001040.jpg,26
seq_000516.jpg,27
seq_001349.jpg,40
seq_001016.jpg,41
seq_000769.jpg,42
seq_001747.jpg,30
seq_000762.jpg,48
seq_001247.jpg,32
seq_001204.jpg,31
seq_001468.jpg,34
seq_001984.jpg,33
seq_000522.jpg,25
seq_000023.jpg,23
seq_000357.jpg,38
seq_001278.jpg,25
seq_001313.jpg,25
seq_001683.jpg,33
seq_000341.jpg,34
seq_000432.jpg,29
seq_000474.jpg,18
seq_000218.jpg,30
seq_000912.jpg,42
seq_001228.jpg,29
seq_001597.jpg,30
seq_001012.jpg,42
seq_001950.jpg,27
seq_000094.jpg,30
seq_001009.jpg,38
seq_001071.jpg,36
seq_001093.jpg,30
seq_001915.jpg,29
seq_001309.jpg,25
seq_000697.jpg,31
seq_001828.jpg,32
seq_000997.jpg,43
seq_000154.jpg,29
seq_001100.jpg,32
seq_001719.jpg,45
seq_001998.jpg,25
seq_000790.jpg,29
seq_000581.jpg,23
seq_000704.jpg,35
seq_001213.jpg,41
seq_001296.jpg,27
seq_001666.jpg,28
seq_001261.jpg,21
seq_000488.jpg,31
seq_000560.jpg,22
seq_001142.jpg,41
seq_001120.jpg,30
seq_000802.jpg,34
seq_000513.jpg,29
seq_000634.jpg,26
seq_001922.jpg,28
seq_001788.jpg,28
seq_001546.jpg,38
seq_001151.jpg,34
seq_000791.jpg,30
seq_000117.jpg,37
seq_000741.jpg,40
seq_001691.jpg,30
seq_001082.jpg,27
seq_000831.jpg,34
seq_000120.jpg,37
seq_000657.jpg,17
seq_001908.jpg,26
seq_000636.jpg,24
seq_000370.jpg,35
seq_000269.jpg,22
seq_000656.jpg,16
seq_000936.jpg,34
seq_000823.jpg,36
seq_000867.jpg,22
seq_000047.jpg,21
seq_001374.jpg,30
seq_001709.jpg,37
seq_000992.jpg,43
seq_000877.jpg,30
seq_000774.jpg,34
seq_001220.jpg,27
seq_002000.jpg,26
seq_000005.jpg,41
seq_001004.jpg,36
seq_001724.jpg,44
seq_000264.jpg,24
seq_001570.jpg,36
seq_001831.jpg,36
seq_000444.jpg,16
seq_001003.jpg,40
seq_001078.jpg,30
seq_000838.jpg,32
seq_001791.jpg,27
seq_000305.jpg,27
seq_001366.jpg,31
seq_001558.jpg,31
seq_000314.jpg,32
seq_000150.jpg,35
seq_001149.jpg,31
seq_001214.jpg,36
seq_000575.jpg,24
seq_000051.jpg,19
seq_001553.jpg,37
seq_000727.jpg,47
seq_000834.jpg,28
seq_001378.jpg,28
seq_001116.jpg,28
seq_001167.jpg,30
seq_000471.jpg,16
seq_000972.jpg,32
seq_000654.jpg,19
seq_000400.jpg,28
seq_000512.jpg,27
seq_000321.jpg,45
seq_000020.jpg,25
seq_000685.jpg,38
seq_000036.jpg,23
seq_000903.jpg,45
seq_001779.jpg,30
seq_000828.jpg,33
seq_001854.jpg,44
seq_000408.jpg,29
seq_000921.jpg,32
seq_000538.jpg,19
seq_000759.jpg,43
seq_001905.jpg,33
seq_001063.jpg,36
seq_001200.jpg,29
seq_000246.jpg,36
seq_001417.jpg,29
seq_001128.jpg,32
seq_000785.jpg,28
seq_001743.jpg,32
seq_000490.jpg,23
seq_000155.jpg,29
seq_000962.jpg,31
seq_000854.jpg,21
seq_001312.jpg,30
seq_000626.jpg,25
seq_000686.jpg,36
seq_001562.jpg,34
seq_000570.jpg,24
seq_001909.jpg,30
seq_000018.jpg,25
seq_000128.jpg,32
seq_001347.jpg,39
seq_001280.jpg,20
seq_001969.jpg,29
seq_000928.jpg,38
seq_000981.jpg,39
seq_001965.jpg,29
seq_000191.jpg,28
seq_001140.jpg,37
seq_000993.jpg,42
seq_001956.jpg,32
seq_001657.jpg,45
seq_000607.jpg,23
seq_000181.jpg,53
seq_000302.jpg,44
seq_000497.jpg,24
seq_001721.jpg,40
seq_001710.jpg,37
seq_001888.jpg,33
seq_001992.jpg,28
seq_000518.jpg,25
seq_001985.jpg,35
seq_001070.jpg,33
seq_000477.jpg,18
seq_000158.jpg,35
seq_001244.jpg,34
seq_001196.jpg,27
seq_000017.jpg,15
seq_001536.jpg,35
seq_001073.jpg,30
seq_001972.jpg,30
seq_000547.jpg,20
seq_001540.jpg,33
seq_000659.jpg,14
seq_001626.jpg,34
seq_001020.jpg,41
seq_001663.jpg,32
seq_001505.jpg,17
seq_000960.jpg,30
seq_001882.jpg,42
seq_000284.jpg,36
seq_000798.jpg,26
seq_001627.jpg,33
seq_000226.jpg,29
seq_000027.jpg,21
seq_001771.jpg,21
seq_000438.jpg,17
seq_001949.jpg,24
seq_001389.jpg,29
seq_000230.jpg,28
seq_000038.jpg,25
seq_000750.jpg,35
seq_001046.jpg,22
seq_001399.jpg,35
seq_000470.jpg,16
seq_001693.jpg,29
seq_001968.jpg,28
seq_000688.jpg,32
seq_001844.jpg,43
seq_000640.jpg,29
seq_001713.jpg,43
seq_001219.jpg,29
seq_001159.jpg,28
seq_001416.jpg,24
seq_001528.jpg,25
seq_001656.jpg,47
seq_001301.jpg,29
seq_001823.jpg,36
seq_000801.jpg,34
seq_001604.jpg,35
seq_000161.jpg,33
seq_000957.jpg,32
seq_001187.jpg,45
seq_000822.jpg,34
seq_001682.jpg,33
seq_000878.jpg,31
seq_000914.jpg,41
seq_000153.jpg,30
seq_001871.jpg,40
seq_001777.jpg,34
seq_000510.jpg,30
seq_001136.jpg,34
seq_001251.jpg,29
seq_001684.jpg,32
seq_000104.jpg,22
seq_001446.jpg,30
seq_001444.jpg,34
seq_000587.jpg,27
seq_001769.jpg,20
seq_001144.jpg,40
seq_000054.jpg,18
seq_000152.jpg,29
seq_000404.jpg,26
seq_001943.jpg,29
seq_000208.jpg,24
seq_001895.jpg,26
seq_001123.jpg,30
seq_001891.jpg,31
seq_000009.jpg,27
seq_001015.jpg,42
seq_001907.jpg,32
seq_001061.jpg,37
seq_000453.jpg,24
seq_000254.jpg,33
seq_001328.jpg,42
seq_000897.jpg,40
seq_001734.jpg,43
seq_000881.jpg,29
seq_001596.jpg,31
seq_001889.jpg,33
seq_000624.jpg,26
seq_000346.jpg,33
seq_001703.jpg,36
seq_000263.jpg,19
seq_001635.jpg,33
seq_001322.jpg,30
seq_001439.jpg,29
seq_000151.jpg,32
seq_000473.jpg,13
seq_000641.jpg,28
seq_001983.jpg,34
seq_001883.jpg,39
seq_000551.jpg,29
seq_001780.jpg,29
seq_000929.jpg,42
seq_000489.jpg,25
seq_001812.jpg,39
seq_001172.jpg,38
seq_000147.jpg,26
seq_001705.jpg,37
seq_001929.jpg,31
seq_000403.jpg,31
seq_000955.jpg,33
seq_001878.jpg,40
seq_000660.jpg,17
seq_001373.jpg,29
seq_000464.jpg,18
seq_001350.jpg,37
seq_000187.jpg,38
seq_001148.jpg,37
seq_001225.jpg,28
seq_000609.jpg,23
seq_000144.jpg,29
seq_000752.jpg,41
seq_001535.jpg,36
seq_000982.jpg,38
seq_000198.jpg,25
seq_001634.jpg,28
seq_000884.jpg,24
seq_000280.jpg,40
seq_000294.jpg,30
seq_001824.jpg,34
seq_000401.jpg,29
seq_000123.jpg,36
seq_001208.jpg,35
seq_000203.jpg,30
seq_001463.jpg,32
seq_000836.jpg,25
seq_000247.jpg,36
seq_001440.jpg,28
seq_001754.jpg,32
seq_001902.jpg,31
seq_001708.jpg,33
seq_001881.jpg,45
seq_001154.jpg,32
seq_001662.jpg,34
seq_001427.jpg,33
seq_000385.jpg,33
seq_001759.jpg,26
seq_000855.jpg,22
seq_001590.jpg,32
seq_000220.jpg,40
seq_000642.jpg,28
seq_000002.jpg,41
seq_000113.jpg,40
seq_000699.jpg,34
seq_001916.jpg,30
seq_000952.jpg,34
seq_001649.jpg,38
seq_001637.jpg,37
seq_001886.jpg,35
seq_001411.jpg,24
seq_001410.jpg,24
seq_001534.jpg,35
seq_001292.jpg,27
seq_001809.jpg,33
seq_000442.jpg,16
seq_001521.jpg,27
seq_001137.jpg,36
seq_001716.jpg,45
seq_001257.jpg,30
seq_001864.jpg,33
seq_001632.jpg,27
seq_001696.jpg,35
seq_001398.jpg,32
seq_000664.jpg,18
seq_001836.jpg,30
seq_001258.jpg,24
seq_001774.jpg,27
seq_001701.jpg,31
seq_000318.jpg,46
seq_000649.jpg,22
seq_001435.jpg,33
seq_001480.jpg,22
seq_000710.jpg,42
seq_001383.jpg,30
seq_001283.jpg,25
seq_000973.jpg,34
seq_000628.jpg,22
seq_000633.jpg,25
seq_001307.jpg,31
seq_001401.jpg,35
seq_001409.jpg,25
seq_001249.jpg,25
seq_001953.jpg,29
seq_001255.jpg,31
seq_001497.jpg,25
seq_001372.jpg,27
seq_001530.jpg,23
seq_001664.jpg,33
seq_001355.jpg,27
seq_001926.jpg,35
seq_001901.jpg,30
seq_001644.jpg,37
seq_001849.jpg,44
seq_000796.jpg,28
seq_000646.jpg,24
seq_001013.jpg,42
seq_001840.jpg,39
seq_000557.jpg,21
seq_000682.jpg,27
seq_000578.jpg,22
seq_001110.jpg,36
seq_001267.jpg,33
seq_001723.jpg,44
seq_001184.jpg,49
seq_000525.jpg,24
seq_001060.jpg,37
seq_000541.jpg,18
seq_001195.jpg,32
seq_001679.jpg,30
seq_000749.jpg,31
seq_001852.jpg,41
seq_001431.jpg,35
seq_000485.jpg,33
seq_001758.jpg,30
seq_000096.jpg,25
seq_001021.jpg,38
seq_000564.jpg,26
seq_001265.jpg,33
seq_000743.jpg,35
seq_000864.jpg,24
seq_001599.jpg,37
seq_001715.jpg,42
seq_001485.jpg,24
seq_000892.jpg,27
seq_001578.jpg,36
seq_001039.jpg,27
seq_000207.jpg,27
seq_000393.jpg,29
seq_000795.jpg,28
seq_000871.jpg,23
seq_000398.jpg,32
seq_000767.jpg,47
seq_001842.jpg,37
seq_001242.jpg,32
seq_001029.jpg,33
seq_001793.jpg,32
seq_000643.jpg,25
seq_001892.jpg,30
seq_000613.jpg,30
seq_001763.jpg,27
seq_000961.jpg,34
seq_001571.jpg,39
seq_000726.jpg,48
seq_000684.jpg,37
seq_000099.jpg,31
seq_000805.jpg,33
seq_001752.jpg,27
seq_001598.jpg,37
seq_000407.jpg,27
seq_000503.jpg,24
seq_001072.jpg,32
seq_001057.jpg,38
seq_000930.jpg,42
seq_000780.jpg,29
seq_000201.jpg,31
seq_000135.jpg,33
seq_001052.jpg,30
seq_000041.jpg,24
seq_001018.jpg,41
seq_000231.jpg,23
seq_001514.jpg,21
seq_001797.jpg,28
seq_000379.jpg,33
seq_000289.jpg,34
seq_000419.jpg,40
seq_001699.jpg,28
seq_000392.jpg,32
seq_000593.jpg,25
seq_001523.jpg,27
seq_001163.jpg,34
seq_001087.jpg,33
seq_001496.jpg,28
seq_000648.jpg,23
seq_001153.jpg,32
seq_001368.jpg,30
seq_000521.jpg,26
seq_001863.jpg,36
seq_000065.jpg,31
seq_001837.jpg,32
seq_000015.jpg,15
seq_001181.jpg,42
seq_001065.jpg,41
seq_000493.jpg,23
seq_000380.jpg,29
seq_000188.jpg,33
seq_000764.jpg,49
seq_000217.jpg,31
seq_000792.jpg,32
seq_001077.jpg,29
seq_000879.jpg,28
seq_000338.jpg,26
seq_001773.jpg,26
seq_000720.jpg,49
seq_001749.jpg,31
seq_000296.jpg,28
seq_001726.jpg,44
seq_001017.jpg,44
seq_001276.jpg,28
seq_001751.jpg,28
seq_001486.jpg,24
seq_000456.jpg,23
seq_001997.jpg,27
seq_000816.jpg,26
seq_001887.jpg,39
seq_000270.jpg,29
seq_000996.jpg,45
seq_000202.jpg,31
seq_000162.jpg,35
seq_001580.jpg,39
seq_000730.jpg,43
seq_000402.jpg,30
seq_000703.jpg,33
seq_001501.jpg,22
seq_001846.jpg,37
seq_001796.jpg,25
seq_001130.jpg,29
seq_000566.jpg,24
seq_001414.jpg,25
seq_001022.jpg,34
seq_001026.jpg,29
seq_001412.jpg,25
seq_001896.jpg,28
seq_001586.jpg,32
seq_001105.jpg,36
seq_000206.jpg,31
seq_000035.jpg,19
seq_000776.jpg,37
seq_000509.jpg,29
seq_001452.jpg,34
seq_001479.jpg,21
seq_001971.jpg,25
seq_001391.jpg,34
seq_000092.jpg,26
seq_001364.jpg,29
seq_000898.jpg,41
seq_000565.jpg,23
seq_001370.jpg,28
seq_000777.jpg,37
seq_000242.jpg,25
seq_000014.jpg,25
seq_000316.jpg,41
seq_000601.jpg,19
seq_000388.jpg,32
seq_001298.jpg,25
seq_000167.jpg,43
seq_000841.jpg,32
seq_000021.jpg,24
seq_000647.jpg,24
seq_001843.jpg,39
seq_001509.jpg,20
seq_001155.jpg,24
seq_001529.jpg,23
seq_000832.jpg,35
seq_001268.jpg,31
seq_001591.jpg,31
seq_001900.jpg,26
seq_000563.jpg,26
seq_001952.jpg,32
seq_000687.jpg,35
seq_000958.jpg,33
seq_000190.jpg,26
seq_001807.jpg,30
seq_000976.jpg,32
seq_000700.jpg,34
seq_001500.jpg,22
seq_001706.jpg,30
seq_000511.jpg,29
seq_001083.jpg,31
seq_000475.jpg,18
seq_001585.jpg,34
seq_000857.jpg,21
seq_000748.jpg,34
seq_000253.jpg,31
seq_000022.jpg,26
seq_001338.jpg,33
seq_000460.jpg,23
seq_001185.jpg,46
seq_000277.jpg,44
seq_000956.jpg,32
seq_001216.jpg,35
seq_000386.jpg,33
seq_000806.jpg,30
seq_001438.jpg,30
seq_001516.jpg,28
seq_000344.jpg,33
seq_000770.jpg,35
seq_001333.jpg,43
seq_001686.jpg,28
seq_000131.jpg,35
seq_001688.jpg,36
seq_000872.jpg,27
seq_001124.jpg,30
seq_001397.jpg,36
seq_000088.jpg,31
seq_001483.jpg,22
seq_000331.jpg,21
seq_001239.jpg,35
seq_000467.jpg,16
seq_000122.jpg,33
seq_001639.jpg,39
seq_001045.jpg,22
seq_001725.jpg,44
seq_001096.jpg,29
seq_001131.jpg,30
seq_001295.jpg,28
seq_000861.jpg,23
seq_001460.jpg,30
seq_001127.jpg,32
